-- テストデータの挿入
-- プログラミング学習者が1年間使用してきたデータ

-- 既存のテストデータを削除（外部キー制約により自動的に削除される）
DELETE FROM exam_results;
DELETE FROM exams;
DELETE FROM study_items;
DELETE FROM study_subjects;

-- AUTO_INCREMENTをリセット
ALTER TABLE study_subjects AUTO_INCREMENT = 1;
ALTER TABLE study_items AUTO_INCREMENT = 1;
ALTER TABLE exams AUTO_INCREMENT = 1;
ALTER TABLE exam_results AUTO_INCREMENT = 1;

-- study_subjectsテーブルに科目を追加（IDを明示的に指定）
INSERT INTO study_subjects (id, name, description, created_at, updated_at) VALUES
(1, 'Java基礎', 'Java言語の基本的な文法、オブジェクト指向プログラミング、コレクションなどを学習', '2023-01-15 10:00:00', '2023-01-15 10:00:00'),
(2, 'Spring Boot', 'Spring Bootフレームワークを使用したWebアプリケーション開発', '2023-02-01 09:30:00', '2023-02-01 09:30:00'),
(3, 'データベース', 'MySQL、SQL、データベース設計、正規化などの学習', '2023-03-10 14:20:00', '2023-03-10 14:20:00'),
(4, 'Web開発基礎', 'HTML、CSS、JavaScript、HTTPプロトコルなどの基礎知識', '2023-04-05 11:15:00', '2023-04-05 11:15:00'),
(5, 'アルゴリズムとデータ構造', '基本的なアルゴリズム（ソート、検索）とデータ構造（リスト、スタック、キュー）', '2023-05-20 16:45:00', '2023-05-20 16:45:00'),
(6, 'Git・バージョン管理', 'Gitの基本的な使い方、ブランチ戦略、マージ、コンフリクト解決', '2023-06-12 13:30:00', '2023-06-12 13:30:00'),
(7, 'RESTful API', 'RESTful APIの設計原則、HTTPメソッド、ステータスコード、JSON形式', '2023-07-08 10:00:00', '2023-07-08 10:00:00'),
(8, 'セキュリティ基礎', '認証・認可、SQLインジェクション対策、XSS対策、HTTPS', '2023-08-15 15:20:00', '2023-08-15 15:20:00'),
(9, 'テスト駆動開発', 'JUnit、モック、テストカバレッジ、TDDの実践', '2023-09-22 09:00:00', '2023-09-22 09:00:00'),
(10, 'Docker基礎', 'Dockerの基本概念、コンテナ、イメージ、Docker Compose', '2023-10-10 14:00:00', '2023-10-10 14:00:00');

-- study_itemsテーブルに学習項目を追加
-- Java基礎 (subject_id = 1)
INSERT INTO study_items (subject_id, title, status, study_time, created_at, updated_at) VALUES
(1, '変数とデータ型', 'DONE', 120, '2023-01-15 10:30:00', '2023-01-16 12:00:00'),
(1, '制御構文（if文、for文、while文）', 'DONE', 180, '2023-01-17 09:00:00', '2023-01-18 15:30:00'),
(1, 'メソッドの定義と呼び出し', 'DONE', 150, '2023-01-19 10:00:00', '2023-01-20 14:00:00'),
(1, 'クラスとオブジェクト', 'DONE', 240, '2023-01-22 09:30:00', '2023-01-25 16:00:00'),
(1, '継承とポリモーフィズム', 'DONE', 300, '2023-01-26 10:00:00', '2023-01-30 17:00:00'),
(1, 'インターフェースと抽象クラス', 'DONE', 200, '2023-02-01 09:00:00', '2023-02-03 15:00:00'),
(1, '例外処理', 'DONE', 180, '2023-02-04 10:30:00', '2023-02-05 16:00:00'),
(1, 'コレクション（List、Set、Map）', 'DONE', 250, '2023-02-06 09:00:00', '2023-02-08 14:30:00'),
(1, 'ラムダ式とStream API', 'IN_PROGRESS', 100, '2023-02-09 10:00:00', '2023-02-10 12:00:00'),
(1, 'ジェネリクス', 'NOT_STARTED', 0, '2023-02-11 09:00:00', '2023-02-11 09:00:00');

-- Spring Boot (subject_id = 2)
INSERT INTO study_items (subject_id, title, status, study_time, created_at, updated_at) VALUES
(2, 'Spring Bootの概要とセットアップ', 'DONE', 90, '2023-02-12 10:00:00', '2023-02-12 15:00:00'),
(2, 'Spring MVCの基礎', 'DONE', 200, '2023-02-13 09:30:00', '2023-02-15 16:00:00'),
(2, 'コントローラーの作成', 'DONE', 180, '2023-02-16 10:00:00', '2023-02-17 14:30:00'),
(2, 'JPAとエンティティ', 'DONE', 250, '2023-02-18 09:00:00', '2023-02-20 17:00:00'),
(2, 'Repositoryパターン', 'DONE', 220, '2023-02-21 10:30:00', '2023-02-22 15:00:00'),
(2, 'Service層の実装', 'DONE', 200, '2023-02-23 09:00:00', '2023-02-24 14:00:00'),
(2, 'Thymeleafテンプレート', 'DONE', 240, '2023-02-25 10:00:00', '2023-02-27 16:30:00'),
(2, 'バリデーション', 'DONE', 180, '2023-02-28 09:30:00', '2023-03-01 15:00:00'),
(2, '例外処理とエラーハンドリング', 'IN_PROGRESS', 120, '2023-03-02 10:00:00', '2023-03-03 12:00:00'),
(2, 'セキュリティ設定', 'NOT_STARTED', 0, '2023-03-04 09:00:00', '2023-03-04 09:00:00');

-- データベース (subject_id = 3)
INSERT INTO study_items (subject_id, title, status, study_time, created_at, updated_at) VALUES
(3, 'データベースの基本概念', 'DONE', 150, '2023-03-10 14:30:00', '2023-03-11 16:00:00'),
(3, 'SQL基礎（SELECT、INSERT、UPDATE、DELETE）', 'DONE', 300, '2023-03-12 09:00:00', '2023-03-15 17:00:00'),
(3, 'JOIN（内部結合、外部結合）', 'DONE', 240, '2023-03-16 10:00:00', '2023-03-18 15:30:00'),
(3, '集計関数（COUNT、SUM、AVG）', 'DONE', 180, '2023-03-19 09:30:00', '2023-03-20 14:00:00'),
(3, 'サブクエリ', 'DONE', 200, '2023-03-21 10:00:00', '2023-03-22 16:00:00'),
(3, '正規化（第1正規形～第3正規形）', 'DONE', 250, '2023-03-23 09:00:00', '2023-03-25 17:00:00'),
(3, 'インデックスの理解', 'DONE', 150, '2023-03-26 10:30:00', '2023-03-27 14:00:00'),
(3, 'トランザクション', 'DONE', 220, '2023-03-28 09:00:00', '2023-03-30 15:30:00'),
(3, 'パフォーマンスチューニング', 'IN_PROGRESS', 100, '2023-03-31 10:00:00', '2023-04-01 12:00:00'),
(3, 'バックアップとリカバリ', 'NOT_STARTED', 0, '2023-04-02 09:00:00', '2023-04-02 09:00:00');

-- Web開発基礎 (subject_id = 4)
INSERT INTO study_items (subject_id, title, status, study_time, created_at, updated_at) VALUES
(4, 'HTMLの基本構造', 'DONE', 120, '2023-04-05 11:30:00', '2023-04-06 14:00:00'),
(4, 'CSS基礎（セレクタ、プロパティ）', 'DONE', 200, '2023-04-07 09:00:00', '2023-04-09 16:00:00'),
(4, 'CSSレイアウト（Flexbox、Grid）', 'DONE', 250, '2023-04-10 10:00:00', '2023-04-12 17:00:00'),
(4, 'JavaScript基礎（変数、関数、オブジェクト）', 'DONE', 300, '2023-04-13 09:30:00', '2023-04-16 18:00:00'),
(4, 'DOM操作', 'DONE', 240, '2023-04-17 10:00:00', '2023-04-19 15:30:00'),
(4, 'イベント処理', 'DONE', 180, '2023-04-20 09:00:00', '2023-04-21 14:00:00'),
(4, 'HTTPプロトコル', 'DONE', 200, '2023-04-22 10:30:00', '2023-04-23 16:00:00'),
(4, 'Ajaxと非同期通信', 'DONE', 220, '2023-04-24 09:00:00', '2023-04-26 15:00:00'),
(4, 'レスポンシブデザイン', 'IN_PROGRESS', 150, '2023-04-27 10:00:00', '2023-04-28 13:00:00'),
(4, 'アクセシビリティ', 'NOT_STARTED', 0, '2023-04-29 09:00:00', '2023-04-29 09:00:00');

-- アルゴリズムとデータ構造 (subject_id = 5)
INSERT INTO study_items (subject_id, title, status, study_time, created_at, updated_at) VALUES
(5, '配列とリスト', 'DONE', 150, '2023-05-20 17:00:00', '2023-05-21 15:00:00'),
(5, 'スタックとキュー', 'DONE', 180, '2023-05-22 09:30:00', '2023-05-23 14:30:00'),
(5, '線形探索と二分探索', 'DONE', 200, '2023-05-24 10:00:00', '2023-05-25 16:00:00'),
(5, 'バブルソート', 'DONE', 150, '2023-05-26 09:00:00', '2023-05-27 13:00:00'),
(5, 'クイックソート', 'DONE', 220, '2023-05-28 10:30:00', '2023-05-30 15:00:00'),
(5, 'マージソート', 'DONE', 200, '2023-05-31 09:00:00', '2023-06-02 14:00:00'),
(5, '二分探索木', 'DONE', 250, '2023-06-03 10:00:00', '2023-06-05 17:00:00'),
(5, 'ハッシュテーブル', 'DONE', 180, '2023-06-06 09:30:00', '2023-06-07 15:00:00'),
(5, 'グラフアルゴリズム', 'IN_PROGRESS', 120, '2023-06-08 10:00:00', '2023-06-09 12:00:00'),
(5, '動的プログラミング', 'NOT_STARTED', 0, '2023-06-10 09:00:00', '2023-06-10 09:00:00');

-- Git・バージョン管理 (subject_id = 6)
INSERT INTO study_items (subject_id, title, status, study_time, created_at, updated_at) VALUES
(6, 'Gitの基本概念', 'DONE', 90, '2023-06-12 13:45:00', '2023-06-12 16:00:00'),
(6, '基本的なコマンド（add、commit、push）', 'DONE', 150, '2023-06-13 09:00:00', '2023-06-14 14:00:00'),
(6, 'ブランチの作成と切り替え', 'DONE', 120, '2023-06-15 10:30:00', '2023-06-16 13:00:00'),
(6, 'マージとコンフリクト解決', 'DONE', 200, '2023-06-17 09:00:00', '2023-06-19 15:30:00'),
(6, 'リモートリポジトリの操作', 'DONE', 180, '2023-06-20 10:00:00', '2023-06-21 14:00:00'),
(6, 'GitHubの使い方', 'DONE', 150, '2023-06-22 09:30:00', '2023-06-23 13:00:00'),
(6, 'プルリクエスト', 'DONE', 120, '2023-06-24 10:00:00', '2023-06-25 12:00:00'),
(6, 'Gitフロー戦略', 'DONE', 200, '2023-06-26 09:00:00', '2023-06-28 15:00:00'),
(6, 'リベースとチェリーピック', 'IN_PROGRESS', 100, '2023-06-29 10:00:00', '2023-06-30 12:00:00'),
(6, 'Gitフック', 'NOT_STARTED', 0, '2023-07-01 09:00:00', '2023-07-01 09:00:00');

-- RESTful API (subject_id = 7)
INSERT INTO study_items (subject_id, title, status, study_time, created_at, updated_at) VALUES
(7, 'RESTful APIの基本概念', 'DONE', 120, '2023-07-08 10:30:00', '2023-07-09 13:00:00'),
(7, 'HTTPメソッド（GET、POST、PUT、DELETE）', 'DONE', 150, '2023-07-10 09:00:00', '2023-07-11 14:00:00'),
(7, 'ステータスコード', 'DONE', 100, '2023-07-12 10:00:00', '2023-07-12 15:00:00'),
(7, 'JSON形式の理解', 'DONE', 90, '2023-07-13 09:30:00', '2023-07-13 14:00:00'),
(7, 'Spring BootでREST API作成', 'DONE', 250, '2023-07-14 10:00:00', '2023-07-17 16:00:00'),
(7, 'リクエスト・レスポンスの設計', 'DONE', 200, '2023-07-18 09:00:00', '2023-07-20 15:00:00'),
(7, 'エラーハンドリング', 'DONE', 180, '2023-07-21 10:30:00', '2023-07-22 14:30:00'),
(7, 'APIドキュメント（Swagger）', 'DONE', 150, '2023-07-23 09:00:00', '2023-07-24 13:00:00'),
(7, '認証と認可（JWT）', 'IN_PROGRESS', 200, '2023-07-25 10:00:00', '2023-07-27 15:00:00'),
(7, 'APIバージョニング', 'NOT_STARTED', 0, '2023-07-28 09:00:00', '2023-07-28 09:00:00');

-- セキュリティ基礎 (subject_id = 8)
INSERT INTO study_items (subject_id, title, status, study_time, created_at, updated_at) VALUES
(8, 'セキュリティの基本概念', 'DONE', 120, '2023-08-15 15:30:00', '2023-08-16 14:00:00'),
(8, '認証と認可', 'DONE', 200, '2023-08-17 09:00:00', '2023-08-19 15:00:00'),
(8, 'SQLインジェクション対策', 'DONE', 180, '2023-08-20 10:30:00', '2023-08-21 14:30:00'),
(8, 'XSS（クロスサイトスクリプティング）対策', 'DONE', 150, '2023-08-22 09:00:00', '2023-08-23 13:00:00'),
(8, 'CSRF対策', 'DONE', 120, '2023-08-24 10:00:00', '2023-08-24 15:00:00'),
(8, 'パスワードのハッシュ化', 'DONE', 100, '2023-08-25 09:30:00', '2023-08-25 14:00:00'),
(8, 'HTTPSとSSL/TLS', 'DONE', 150, '2023-08-26 10:00:00', '2023-08-27 14:00:00'),
(8, 'セキュリティヘッダー', 'DONE', 120, '2023-08-28 09:00:00', '2023-08-28 13:00:00'),
(8, '脆弱性スキャン', 'IN_PROGRESS', 80, '2023-08-29 10:00:00', '2023-08-29 12:00:00'),
(8, 'セキュリティ監査', 'NOT_STARTED', 0, '2023-08-30 09:00:00', '2023-08-30 09:00:00');

-- テスト駆動開発 (subject_id = 9)
INSERT INTO study_items (subject_id, title, status, study_time, created_at, updated_at) VALUES
(9, 'テストの基本概念', 'DONE', 100, '2023-09-22 09:30:00', '2023-09-22 14:00:00'),
(9, 'JUnitの基礎', 'DONE', 150, '2023-09-23 10:00:00', '2023-09-24 15:00:00'),
(9, 'アサーション', 'DONE', 120, '2023-09-25 09:00:00', '2023-09-25 14:00:00'),
(9, 'モックとスタブ', 'DONE', 200, '2023-09-26 10:30:00', '2023-09-28 15:00:00'),
(9, 'テストカバレッジ', 'DONE', 150, '2023-09-29 09:00:00', '2023-09-30 14:00:00'),
(9, 'TDDの実践', 'DONE', 250, '2023-10-01 10:00:00', '2023-10-04 16:00:00'),
(9, '統合テスト', 'DONE', 180, '2023-10-05 09:30:00', '2023-10-06 14:30:00'),
(9, 'テストの設計', 'DONE', 200, '2023-10-07 10:00:00', '2023-10-09 15:00:00'),
(9, 'パフォーマンステスト', 'IN_PROGRESS', 100, '2023-10-10 09:00:00', '2023-10-10 12:00:00'),
(9, 'E2Eテスト', 'NOT_STARTED', 0, '2023-10-11 09:00:00', '2023-10-11 09:00:00');

-- Docker基礎 (subject_id = 10)
INSERT INTO study_items (subject_id, title, status, study_time, created_at, updated_at) VALUES
(10, 'Dockerの基本概念', 'DONE', 120, '2023-10-10 14:30:00', '2023-10-11 14:00:00'),
(10, 'Dockerイメージとコンテナ', 'DONE', 150, '2023-10-12 09:00:00', '2023-10-13 14:00:00'),
(10, 'Dockerfileの作成', 'DONE', 180, '2023-10-14 10:30:00', '2023-10-15 15:00:00'),
(10, 'Docker Compose', 'DONE', 200, '2023-10-16 09:00:00', '2023-10-18 15:00:00'),
(10, 'ボリュームとネットワーク', 'DONE', 150, '2023-10-19 10:00:00', '2023-10-20 14:00:00'),
(10, 'マルチステージビルド', 'DONE', 120, '2023-10-21 09:30:00', '2023-10-21 14:00:00'),
(10, 'コンテナのデバッグ', 'DONE', 100, '2023-10-22 10:00:00', '2023-10-22 13:00:00'),
(10, 'Docker Hubの利用', 'DONE', 90, '2023-10-23 09:00:00', '2023-10-23 12:00:00'),
(10, '本番環境へのデプロイ', 'IN_PROGRESS', 150, '2023-10-24 10:00:00', '2023-10-25 14:00:00'),
(10, 'Kubernetes基礎', 'NOT_STARTED', 0, '2023-10-26 09:00:00', '2023-10-26 09:00:00');

-- examsテーブルに試験を追加（IDを明示的に指定）
INSERT INTO exams (id, subject_id, exam_name, max_score, passing_score, created_at, updated_at) VALUES
(1, 1, 'Java基礎 第1回テスト', 100, 60, '2023-01-30 10:00:00', '2023-01-30 10:00:00'),
(2, 1, 'Java基礎 第2回テスト', 100, 60, '2023-02-10 10:00:00', '2023-02-10 10:00:00'),
(3, 1, 'Java基礎 総合テスト', 100, 70, '2023-02-28 10:00:00', '2023-02-28 10:00:00'),
(4, 2, 'Spring Boot基礎テスト', 100, 60, '2023-03-15 10:00:00', '2023-03-15 10:00:00'),
(5, 2, 'Spring Boot実践テスト', 100, 70, '2023-04-01 10:00:00', '2023-04-01 10:00:00'),
(6, 3, 'SQL基礎テスト', 100, 60, '2023-04-15 10:00:00', '2023-04-15 10:00:00'),
(7, 3, 'データベース設計テスト', 100, 70, '2023-05-01 10:00:00', '2023-05-01 10:00:00'),
(8, 4, 'HTML/CSS基礎テスト', 100, 60, '2023-05-15 10:00:00', '2023-05-15 10:00:00'),
(9, 4, 'JavaScript基礎テスト', 100, 60, '2023-06-01 10:00:00', '2023-06-01 10:00:00'),
(10, 5, 'アルゴリズム基礎テスト', 100, 60, '2023-06-15 10:00:00', '2023-06-15 10:00:00'),
(11, 5, 'データ構造テスト', 100, 70, '2023-07-01 10:00:00', '2023-07-01 10:00:00'),
(12, 6, 'Git基礎テスト', 100, 60, '2023-07-15 10:00:00', '2023-07-15 10:00:00'),
(13, 7, 'RESTful API基礎テスト', 100, 60, '2023-08-01 10:00:00', '2023-08-01 10:00:00'),
(14, 7, 'RESTful API実践テスト', 100, 70, '2023-08-15 10:00:00', '2023-08-15 10:00:00'),
(15, 8, 'セキュリティ基礎テスト', 100, 60, '2023-09-01 10:00:00', '2023-09-01 10:00:00'),
(16, 9, 'JUnit基礎テスト', 100, 60, '2023-10-01 10:00:00', '2023-10-01 10:00:00'),
(17, 9, 'TDD実践テスト', 100, 70, '2023-10-15 10:00:00', '2023-10-15 10:00:00'),
(18, 10, 'Docker基礎テスト', 100, 60, '2023-11-01 10:00:00', '2023-11-01 10:00:00');

-- exam_resultsテーブルに試験結果を追加
-- Java基礎 第1回テスト (exam_id = 1)
INSERT INTO exam_results (exam_id, score, passed, taken_at, created_at, updated_at) VALUES
(1, 65, TRUE, '2023-02-01', '2023-02-01 14:30:00', '2023-02-01 14:30:00'),
(1, 72, TRUE, '2023-02-05', '2023-02-05 15:00:00', '2023-02-05 15:00:00'),
(1, 80, TRUE, '2023-02-08', '2023-02-08 16:00:00', '2023-02-08 16:00:00');

-- Java基礎 第2回テスト (exam_id = 2)
INSERT INTO exam_results (exam_id, score, passed, taken_at, created_at, updated_at) VALUES
(2, 58, FALSE, '2023-02-12', '2023-02-12 14:00:00', '2023-02-12 14:00:00'),
(2, 68, TRUE, '2023-02-15', '2023-02-15 15:30:00', '2023-02-15 15:30:00'),
(2, 75, TRUE, '2023-02-18', '2023-02-18 16:00:00', '2023-02-18 16:00:00'),
(2, 82, TRUE, '2023-02-22', '2023-02-22 14:30:00', '2023-02-22 14:30:00');

-- Java基礎 総合テスト (exam_id = 3)
INSERT INTO exam_results (exam_id, score, passed, taken_at, created_at, updated_at) VALUES
(3, 55, FALSE, '2023-03-05', '2023-03-05 14:00:00', '2023-03-05 14:00:00'),
(3, 65, FALSE, '2023-03-10', '2023-03-10 15:00:00', '2023-03-10 15:00:00'),
(3, 72, TRUE, '2023-03-15', '2023-03-15 16:30:00', '2023-03-15 16:30:00'),
(3, 78, TRUE, '2023-03-20', '2023-03-20 14:00:00', '2023-03-20 14:00:00'),
(3, 85, TRUE, '2023-03-25', '2023-03-25 15:30:00', '2023-03-25 15:30:00');

-- Spring Boot基礎テスト (exam_id = 4)
INSERT INTO exam_results (exam_id, score, passed, taken_at, created_at, updated_at) VALUES
(4, 62, TRUE, '2023-03-20', '2023-03-20 14:30:00', '2023-03-20 14:30:00'),
(4, 70, TRUE, '2023-03-25', '2023-03-25 15:00:00', '2023-03-25 15:00:00'),
(4, 75, TRUE, '2023-03-30', '2023-03-30 16:00:00', '2023-03-30 16:00:00');

-- Spring Boot実践テスト (exam_id = 5)
INSERT INTO exam_results (exam_id, score, passed, taken_at, created_at, updated_at) VALUES
(5, 58, FALSE, '2023-04-05', '2023-04-05 14:00:00', '2023-04-05 14:00:00'),
(5, 68, FALSE, '2023-04-10', '2023-04-10 15:30:00', '2023-04-10 15:30:00'),
(5, 72, TRUE, '2023-04-15', '2023-04-15 16:00:00', '2023-04-15 16:00:00'),
(5, 80, TRUE, '2023-04-20', '2023-04-20 14:30:00', '2023-04-20 14:30:00');

-- SQL基礎テスト (exam_id = 6)
INSERT INTO exam_results (exam_id, score, passed, taken_at, created_at, updated_at) VALUES
(6, 68, TRUE, '2023-04-20', '2023-04-20 15:00:00', '2023-04-20 15:00:00'),
(6, 75, TRUE, '2023-04-25', '2023-04-25 16:00:00', '2023-04-25 16:00:00'),
(6, 82, TRUE, '2023-04-30', '2023-04-30 14:30:00', '2023-04-30 14:30:00');

-- データベース設計テスト (exam_id = 7)
INSERT INTO exam_results (exam_id, score, passed, taken_at, created_at, updated_at) VALUES
(7, 55, FALSE, '2023-05-05', '2023-05-05 15:00:00', '2023-05-05 15:00:00'),
(7, 65, FALSE, '2023-05-10', '2023-05-10 16:00:00', '2023-05-10 16:00:00'),
(7, 72, TRUE, '2023-05-15', '2023-05-15 14:30:00', '2023-05-15 14:30:00'),
(7, 78, TRUE, '2023-05-20', '2023-05-20 15:30:00', '2023-05-20 15:30:00');

-- HTML/CSS基礎テスト (exam_id = 8)
INSERT INTO exam_results (exam_id, score, passed, taken_at, created_at, updated_at) VALUES
(8, 70, TRUE, '2023-05-20', '2023-05-20 16:00:00', '2023-05-20 16:00:00'),
(8, 78, TRUE, '2023-05-25', '2023-05-25 14:00:00', '2023-05-25 14:00:00'),
(8, 85, TRUE, '2023-05-30', '2023-05-30 15:30:00', '2023-05-30 15:30:00');

-- JavaScript基礎テスト (exam_id = 9)
INSERT INTO exam_results (exam_id, score, passed, taken_at, created_at, updated_at) VALUES
(9, 65, TRUE, '2023-06-05', '2023-06-05 16:00:00', '2023-06-05 16:00:00'),
(9, 72, TRUE, '2023-06-10', '2023-06-10 14:30:00', '2023-06-10 14:30:00'),
(9, 80, TRUE, '2023-06-15', '2023-06-15 15:00:00', '2023-06-15 15:00:00'),
(9, 88, TRUE, '2023-06-20', '2023-06-20 16:30:00', '2023-06-20 16:30:00');

-- アルゴリズム基礎テスト (exam_id = 10)
INSERT INTO exam_results (exam_id, score, passed, taken_at, created_at, updated_at) VALUES
(10, 58, FALSE, '2023-06-20', '2023-06-20 14:00:00', '2023-06-20 14:00:00'),
(10, 68, TRUE, '2023-06-25', '2023-06-25 15:00:00', '2023-06-25 15:00:00'),
(10, 75, TRUE, '2023-06-30', '2023-06-30 16:00:00', '2023-06-30 16:00:00'),
(10, 82, TRUE, '2023-07-05', '2023-07-05 14:30:00', '2023-07-05 14:30:00');

-- データ構造テスト (exam_id = 11)
INSERT INTO exam_results (exam_id, score, passed, taken_at, created_at, updated_at) VALUES
(11, 62, FALSE, '2023-07-05', '2023-07-05 15:00:00', '2023-07-05 15:00:00'),
(11, 72, TRUE, '2023-07-10', '2023-07-10 16:00:00', '2023-07-10 16:00:00'),
(11, 78, TRUE, '2023-07-15', '2023-07-15 14:30:00', '2023-07-15 14:30:00'),
(11, 85, TRUE, '2023-07-20', '2023-07-20 15:30:00', '2023-07-20 15:30:00');

-- Git基礎テスト (exam_id = 12)
INSERT INTO exam_results (exam_id, score, passed, taken_at, created_at, updated_at) VALUES
(12, 75, TRUE, '2023-07-20', '2023-07-20 16:00:00', '2023-07-20 16:00:00'),
(12, 82, TRUE, '2023-07-25', '2023-07-25 14:00:00', '2023-07-25 14:00:00'),
(12, 90, TRUE, '2023-07-30', '2023-07-30 15:30:00', '2023-07-30 15:30:00');

-- RESTful API基礎テスト (exam_id = 13)
INSERT INTO exam_results (exam_id, score, passed, taken_at, created_at, updated_at) VALUES
(13, 68, TRUE, '2023-08-05', '2023-08-05 16:00:00', '2023-08-05 16:00:00'),
(13, 75, TRUE, '2023-08-10', '2023-08-10 14:30:00', '2023-08-10 14:30:00'),
(13, 80, TRUE, '2023-08-15', '2023-08-15 15:00:00', '2023-08-15 15:00:00'),
(13, 88, TRUE, '2023-08-20', '2023-08-20 16:30:00', '2023-08-20 16:30:00');

-- RESTful API実践テスト (exam_id = 14)
INSERT INTO exam_results (exam_id, score, passed, taken_at, created_at, updated_at) VALUES
(14, 58, FALSE, '2023-08-20', '2023-08-20 14:00:00', '2023-08-20 14:00:00'),
(14, 72, TRUE, '2023-08-25', '2023-08-25 15:30:00', '2023-08-25 15:30:00'),
(14, 78, TRUE, '2023-08-30', '2023-08-30 16:00:00', '2023-08-30 16:00:00'),
(14, 85, TRUE, '2023-09-05', '2023-09-05 14:30:00', '2023-09-05 14:30:00');

-- セキュリティ基礎テスト (exam_id = 15)
INSERT INTO exam_results (exam_id, score, passed, taken_at, created_at, updated_at) VALUES
(15, 65, TRUE, '2023-09-05', '2023-09-05 15:00:00', '2023-09-05 15:00:00'),
(15, 72, TRUE, '2023-09-10', '2023-09-10 16:00:00', '2023-09-10 16:00:00'),
(15, 80, TRUE, '2023-09-15', '2023-09-15 14:30:00', '2023-09-15 14:30:00');

-- JUnit基礎テスト (exam_id = 16)
INSERT INTO exam_results (exam_id, score, passed, taken_at, created_at, updated_at) VALUES
(16, 70, TRUE, '2023-10-05', '2023-10-05 15:30:00', '2023-10-05 15:30:00'),
(16, 78, TRUE, '2023-10-10', '2023-10-10 16:00:00', '2023-10-10 16:00:00'),
(16, 85, TRUE, '2023-10-15', '2023-10-15 14:00:00', '2023-10-15 14:00:00');

-- TDD実践テスト (exam_id = 17)
INSERT INTO exam_results (exam_id, score, passed, taken_at, created_at, updated_at) VALUES
(17, 62, FALSE, '2023-10-20', '2023-10-20 15:00:00', '2023-10-20 15:00:00'),
(17, 72, TRUE, '2023-10-25', '2023-10-25 16:30:00', '2023-10-25 16:30:00'),
(17, 78, TRUE, '2023-10-30', '2023-10-30 14:30:00', '2023-10-30 14:30:00');

-- Docker基礎テスト (exam_id = 18)
INSERT INTO exam_results (exam_id, score, passed, taken_at, created_at, updated_at) VALUES
(18, 68, TRUE, '2023-11-05', '2023-11-05 15:00:00', '2023-11-05 15:00:00'),
(18, 75, TRUE, '2023-11-10', '2023-11-10 16:00:00', '2023-11-10 16:00:00'),
(18, 82, TRUE, '2023-11-15', '2023-11-15 14:30:00', '2023-11-15 14:30:00');
